freq,dbfs,dbspl,rms,min_amp,max_amp,tag
506.9,-58,69.96,0.0005,-0.0012,0.0012,
230.29,-54,71.54,0.0006,-0.002,0.0018,
115.14,-52,74.04,0.0008,-0.0025,0.002,
1696.15,-59,68.02,0.0004,-0.0011,0.0009,
115.14,-51,74.04,0.0008,-0.0027,0.0022,
230.29,-51,72.88,0.0007,-0.0019,0.0027,
1013.79,-55,71.54,0.0006,-0.0018,0.0015,
115.14,-50,75.06,0.0009,-0.003,0.0025,
115.14,-49,77.56,0.0012,-0.0037,0.0027,
501.14,-53,76.81,0.0011,-0.0022,0.0019,
689.06,-53,75.06,0.0009,-0.0023,0.0022,
115.14,-48,76.81,0.0011,-0.0038,0.0027,
1013.79,-52,75.06,0.0009,-0.0018,0.0025,
115.14,-48,77.56,0.0012,-0.0029,0.0039,
272.22,-50,78.9,0.0014,-0.0032,0.003,
428.16,-47,78.26,0.0013,-0.0044,0.0034,
115.14,-48,78.9,0.0014,-0.0037,0.0041,
1520.69,-46,78.9,0.0014,-0.0023,0.0048,
230.29,-46,80.06,0.0016,-0.0039,0.005,
501.14,-44,83.58,0.0024,-0.005,0.0061,
115.14,-44,84.28,0.0026,-0.0064,0.0052,
226.15,-45,82.0,0.002,-0.0043,0.0057,
115.14,-47,79.5,0.0015,-0.0044,0.0046,
501.14,-45,82.83,0.0022,-0.0056,0.0041,
115.14,-47,81.08,0.0018,-0.0044,0.0044,
506.9,-50,78.26,0.0013,-0.0025,0.0033,
115.14,-45,82.83,0.0022,-0.0059,0.0049,
182.23,-49,78.26,0.0013,-0.0029,0.0037,
230.29,-44,81.55,0.0019,-0.0062,0.0044,
506.9,-48,80.59,0.0017,-0.0041,0.0037,
115.14,-44,83.94,0.0025,-0.0061,0.0059,
1002.27,-48,80.06,0.0016,-0.0041,0.0031,
230.29,-45,81.08,0.0018,-0.0057,0.0055,
168.32,-46,80.59,0.0017,-0.0049,0.0041,
211.0,-47,79.5,0.0015,-0.0037,0.0045,
506.9,-46,81.55,0.0019,-0.0049,0.003,
506.9,-48,80.59,0.0017,-0.0033,0.0041,
149.49,-46,81.55,0.0019,-0.0044,0.0051,
504.0,-46,79.5,0.0015,-0.0051,0.004,
345.43,-45,81.08,0.0018,-0.0059,0.0047,
501.14,-49,78.9,0.0014,-0.0035,0.0031,
115.14,-46,80.06,0.0016,-0.0036,0.0049,
506.9,-48,78.9,0.0014,-0.004,0.0032,
268.09,-47,80.06,0.0016,-0.0045,0.0042,
115.14,-45,82.42,0.0021,-0.0045,0.0058,
115.14,-44,82.42,0.0021,-0.006,0.0061,
121.82,-44,81.08,0.0018,-0.0036,0.006,
115.14,-43,82.42,0.0021,-0.0068,0.0049,
115.14,-44,84.92,0.0028,-0.0065,0.0063,
115.14,-43,84.61,0.0027,-0.0062,0.0071,
115.14,-45,82.0,0.002,-0.0047,0.0056,
345.43,-45,81.55,0.0019,-0.0047,0.0057,
460.57,-48,79.5,0.0015,-0.004,0.0039,
115.14,-45,82.0,0.002,-0.0055,0.0054,
1520.69,-48,78.9,0.0014,-0.0042,0.003,
230.29,-44,81.08,0.0018,-0.0052,0.0063,
1116.46,-50,78.26,0.0013,-0.0031,0.0033,
115.14,-46,81.55,0.0019,-0.0051,0.0051,
115.14,-45,80.06,0.0016,-0.0055,0.0048,
506.9,-46,82.42,0.0021,-0.0048,0.0027,
115.14,-45,82.0,0.002,-0.0055,0.0045,
115.14,-44,82.83,0.0022,-0.0059,0.0061,
501.14,-47,81.55,0.0019,-0.004,0.0047,
345.43,-45,81.55,0.0019,-0.0057,0.005,
115.14,-43,82.42,0.0021,-0.0074,0.0047,
115.14,-45,81.08,0.0018,-0.0056,0.0036,
1494.92,-48,79.5,0.0015,-0.0032,0.0039,
115.14,-45,81.55,0.0019,-0.0043,0.0054,
1520.69,-48,81.08,0.0018,-0.0036,0.0038,
115.14,-44,80.59,0.0017,-0.0045,0.006,
115.14,-46,82.0,0.002,-0.0038,0.0053,
506.9,-47,81.55,0.0019,-0.0036,0.0042,
116.67,-46,81.08,0.0018,-0.0051,0.0042,
460.57,-47,80.06,0.0016,-0.0038,0.0045,
501.14,-48,80.59,0.0017,-0.0037,0.0041,
115.14,-46,81.08,0.0018,-0.0039,0.0053,
506.9,-48,78.9,0.0014,-0.0038,0.0034,
115.14,-44,82.0,0.002,-0.0061,0.0036,
352.8,-46,82.83,0.0022,-0.004,0.0052,
639.13,-47,80.59,0.0017,-0.0047,0.0038,
115.14,-46,82.0,0.002,-0.0043,0.0048,
230.29,-44,81.08,0.0018,-0.0044,0.006,
277.36,-48,79.5,0.0015,-0.0041,0.0036,
141.35,-46,81.08,0.0018,-0.005,0.0048,
345.43,-45,80.59,0.0017,-0.0053,0.0054,
1013.79,-47,79.5,0.0015,-0.0045,0.0032,
115.14,-43,82.0,0.002,-0.0045,0.0068,
1013.79,-48,79.5,0.0015,-0.004,0.0035,
115.14,-43,82.83,0.0022,-0.0068,0.0048,
229.69,-46,81.08,0.0018,-0.0051,0.0041,
158.63,-47,79.5,0.0015,-0.0045,0.0039,
115.14,-44,82.83,0.0022,-0.0063,0.0043,
115.14,-45,81.08,0.0018,-0.0055,0.0041,
180.0,-47,80.06,0.0016,-0.0043,0.0042,
230.29,-44,81.55,0.0019,-0.0044,0.0061,
1503.41,-48,77.56,0.0012,-0.0038,0.0028,
230.29,-46,80.59,0.0017,-0.0049,0.004,
170.27,-46,82.0,0.002,-0.0048,0.0044,
209.0,-47,81.55,0.0019,-0.0046,0.0046,
115.14,-45,81.08,0.0018,-0.0055,0.0053,
345.43,-45,81.55,0.0019,-0.0057,0.0044,
115.14,-45,82.42,0.0021,-0.0058,0.0058,
115.14,-45,82.83,0.0022,-0.0046,0.0058,
115.14,-44,83.21,0.0023,-0.0046,0.0066,
501.14,-49,80.06,0.0016,-0.0036,0.0033,
135.28,-48,79.5,0.0015,-0.004,0.0035,
608.28,-47,78.26,0.0013,-0.0044,0.0035,
115.14,-43,82.83,0.0022,-0.0074,0.0046,
506.9,-44,84.61,0.0027,-0.0051,0.0061,
115.14,-44,82.42,0.0021,-0.0061,0.0058,
345.43,-45,80.59,0.0017,-0.0038,0.0056,
501.14,-49,76.81,0.0011,-0.0035,0.0031,
122.84,-44,82.0,0.002,-0.006,0.0046,
115.14,-44,83.58,0.0024,-0.0056,0.0064,
1013.79,-47,79.5,0.0015,-0.0034,0.0043,
115.14,-43,84.61,0.0027,-0.0058,0.0074,
115.14,-43,83.21,0.0023,-0.0049,0.0071,
115.14,-46,81.55,0.0019,-0.005,0.0051,
501.14,-49,78.9,0.0014,-0.0034,0.0034,
575.72,-48,78.9,0.0014,-0.0042,0.0039,
506.9,-48,79.5,0.0015,-0.0027,0.0041,
345.43,-46,80.06,0.0016,-0.0037,0.005,
115.14,-44,83.21,0.0023,-0.0052,0.0066,
501.14,-44,81.08,0.0018,-0.0034,0.0063,
115.14,-44,82.42,0.0021,-0.0049,0.0065,
580.26,-49,80.59,0.0017,-0.0036,0.0037,
230.29,-45,82.0,0.002,-0.0056,0.0047,
506.9,-45,82.42,0.0021,-0.0037,0.0054,
115.14,-44,82.83,0.0022,-0.0064,0.0051,
345.43,-45,82.42,0.0021,-0.0055,0.0053,
501.14,-50,81.08,0.0018,-0.003,0.0032,
115.14,-45,83.94,0.0025,-0.0047,0.0059,
678.46,-47,80.06,0.0016,-0.0031,0.0044,
230.29,-45,83.21,0.0023,-0.0057,0.0054,
1520.69,-46,81.08,0.0018,-0.0043,0.0051,
115.14,-46,81.08,0.0018,-0.0048,0.0051,
1002.27,-46,82.0,0.002,-0.0051,0.0044,
230.29,-46,80.59,0.0017,-0.0047,0.0052,
506.9,-49,79.5,0.0015,-0.0035,0.0022,
115.14,-47,80.59,0.0017,-0.0043,0.0041,
230.29,-44,81.55,0.0019,-0.0061,0.0061,
115.14,-44,81.55,0.0019,-0.0048,0.0064,
501.14,-46,81.08,0.0018,-0.0048,0.0035,
115.14,-45,82.0,0.002,-0.0044,0.0055,
501.14,-49,80.59,0.0017,-0.0036,0.0035,
115.14,-44,82.0,0.002,-0.006,0.0043,
1013.79,-51,78.26,0.0013,-0.0025,0.0029,
115.14,-43,83.21,0.0023,-0.0049,0.0072,
1013.79,-47,80.59,0.0017,-0.0038,0.0045,
126.72,-45,82.0,0.002,-0.005,0.0057,
345.43,-47,80.06,0.0016,-0.0044,0.004,
115.14,-45,82.0,0.002,-0.0054,0.0057,
421.34,-45,81.08,0.0018,-0.0059,0.0046,
230.29,-46,80.59,0.0017,-0.005,0.0042,
115.14,-44,81.08,0.0018,-0.0065,0.0047,
115.14,-44,81.55,0.0019,-0.0054,0.0067,
1002.27,-49,79.5,0.0015,-0.0036,0.0033,
233.33,-46,80.59,0.0017,-0.0032,0.0048,
313.88,-46,81.08,0.0018,-0.0045,0.005,
230.29,-47,80.06,0.0016,-0.0041,0.0046,
1013.79,-50,78.26,0.0013,-0.003,0.0029,
115.14,-45,81.08,0.0018,-0.0058,0.0043,
115.14,-44,82.83,0.0022,-0.0056,0.0065,
115.14,-44,82.42,0.0021,-0.0048,0.0062,
506.9,-47,81.08,0.0018,-0.0037,0.0046,
344.53,-47,80.59,0.0017,-0.0045,0.0042,
206.07,-49,80.06,0.0016,-0.0033,0.0037,
345.43,-47,80.59,0.0017,-0.0045,0.0045,
230.29,-45,79.5,0.0015,-0.0043,0.0053,
115.14,-46,81.55,0.0019,-0.0049,0.005,
506.9,-50,77.56,0.0012,-0.0027,0.003,
506.9,-44,85.23,0.0029,-0.0062,0.0037,
345.43,-46,81.08,0.0018,-0.0049,0.005,
600.0,-47,80.59,0.0017,-0.0045,0.0041,
115.14,-44,81.08,0.0018,-0.0066,0.0052,
506.9,-48,78.9,0.0014,-0.0029,0.0039,
575.72,-47,78.9,0.0014,-0.0047,0.0035,
247.75,-44,81.55,0.0019,-0.0063,0.0033,
386.84,-45,80.59,0.0017,-0.0053,0.0044,
230.29,-46,81.08,0.0018,-0.0051,0.0041,
1013.79,-46,80.06,0.0016,-0.0027,0.0048,
115.14,-46,81.55,0.0019,-0.0047,0.0051,
501.14,-46,80.06,0.0016,-0.0032,0.005,
115.14,-48,80.06,0.0016,-0.0041,0.0038,
115.14,-45,80.59,0.0017,-0.0047,0.0056,
115.14,-44,83.21,0.0023,-0.0049,0.0061,
115.14,-47,80.59,0.0017,-0.0045,0.0047,
506.9,-49,78.26,0.0013,-0.0026,0.0034,
115.14,-45,81.55,0.0019,-0.0057,0.0048,
115.14,-46,80.59,0.0017,-0.0041,0.0051,
115.14,-45,82.0,0.002,-0.0057,0.0042,
501.14,-47,81.55,0.0019,-0.0029,0.0045,
115.14,-43,83.58,0.0024,-0.0053,0.0074,
2027.59,-50,78.9,0.0014,-0.0032,0.0032,
595.95,-47,78.9,0.0014,-0.0046,0.003,
230.29,-45,81.08,0.0018,-0.0046,0.0059,
115.14,-43,82.0,0.002,-0.0044,0.0068,
501.14,-47,82.42,0.0021,-0.0037,0.0043,
115.14,-45,81.08,0.0018,-0.0048,0.0058,
115.14,-47,78.9,0.0014,-0.0043,0.0037,
506.9,-47,80.06,0.0016,-0.0046,0.0036,
2205.0,-50,79.5,0.0015,-0.0025,0.003,
115.14,-44,81.08,0.0018,-0.004,0.0061,
115.14,-45,82.0,0.002,-0.0057,0.0055,
506.9,-50,77.56,0.0012,-0.0031,0.0029,
115.14,-43,80.59,0.0017,-0.0047,0.0072,
501.14,-47,81.08,0.0018,-0.0046,0.0045,
115.14,-44,82.0,0.002,-0.0064,0.0049,
115.14,-44,83.58,0.0024,-0.0062,0.0059,
115.14,-45,82.42,0.0021,-0.0055,0.0045,
115.14,-45,82.42,0.0021,-0.0053,0.005,
506.9,-49,78.26,0.0013,-0.0026,0.0035,
115.14,-45,82.0,0.002,-0.0055,0.0047,
501.14,-49,78.9,0.0014,-0.0036,0.003,
115.14,-46,82.0,0.002,-0.0046,0.0048,
115.14,-44,81.55,0.0019,-0.0062,0.0062,
230.29,-45,81.08,0.0018,-0.0055,0.0045,
1002.27,-49,78.9,0.0014,-0.003,0.0037,
506.9,-49,79.5,0.0015,-0.0037,0.0033,
367.5,-46,83.21,0.0023,-0.0053,0.0047,
251.28,-45,81.55,0.0019,-0.0041,0.0058,
230.29,-48,79.5,0.0015,-0.0041,0.0041,
506.9,-44,82.42,0.0021,-0.0034,0.0066,
115.14,-45,82.42,0.0021,-0.0056,0.0056,
506.9,-47,80.06,0.0016,-0.0039,0.0044,
230.29,-43,83.21,0.0023,-0.0067,0.0059,
501.14,-45,81.55,0.0019,-0.0033,0.0057,
288.24,-46,82.0,0.002,-0.0043,0.0051,
278.23,-43,82.42,0.0021,-0.0072,0.0047,
115.14,-42,82.42,0.0021,-0.0078,0.0056,
115.14,-46,81.55,0.0019,-0.0051,0.0046,
115.14,-47,80.59,0.0017,-0.0045,0.0046,
506.9,-46,81.55,0.0019,-0.0052,0.0029,
235.83,-44,82.83,0.0022,-0.0049,0.0061,
155.28,-44,82.0,0.002,-0.0049,0.0062,
115.14,-48,80.06,0.0016,-0.0039,0.0041,
506.9,-46,80.59,0.0017,-0.0048,0.003,
345.43,-45,82.0,0.002,-0.0054,0.0045,
176.4,-43,83.94,0.0025,-0.0051,0.0068,
345.43,-45,80.59,0.0017,-0.0056,0.0047,
506.9,-47,79.5,0.0015,-0.0044,0.0025,
230.29,-47,79.5,0.0015,-0.0031,0.0047,
1002.27,-49,78.9,0.0014,-0.0035,0.0035,
406.45,-49,78.26,0.0013,-0.0035,0.0035,
115.14,-46,80.59,0.0017,-0.0042,0.0051,
115.14,-45,81.08,0.0018,-0.0056,0.0047,
501.14,-48,81.08,0.0018,-0.0041,0.0032,
153.66,-44,82.83,0.0022,-0.0066,0.0062,
239.67,-46,83.21,0.0023,-0.0046,0.005,
115.14,-46,81.55,0.0019,-0.0048,0.0049,
115.14,-46,81.55,0.0019,-0.0041,0.005,
137.81,-46,81.08,0.0018,-0.0052,0.0047,
230.29,-46,80.06,0.0016,-0.0052,0.0045,
115.14,-44,83.21,0.0023,-0.0052,0.0066,
506.9,-44,82.0,0.002,-0.0061,0.0046,
230.29,-45,82.42,0.0021,-0.0058,0.0052,
506.9,-44,85.81,0.0031,-0.0054,0.0061,
115.14,-44,83.94,0.0025,-0.0058,0.0064,
506.9,-50,78.9,0.0014,-0.0033,0.0033,
115.14,-45,82.83,0.0022,-0.0054,0.0056,
345.43,-44,82.83,0.0022,-0.006,0.0062,
506.9,-47,80.59,0.0017,-0.0042,0.0042,
115.14,-45,82.0,0.002,-0.0052,0.0055,
11025.0,-58,75.06,0.0009,-0.0012,0.0012,
115.14,-45,81.55,0.0019,-0.0054,0.0055,
230.29,-45,81.55,0.0019,-0.0055,0.0056,
115.14,-46,80.59,0.0017,-0.0048,0.0042,
115.14,-45,82.0,0.002,-0.0058,0.0053,
115.14,-47,81.55,0.0019,-0.0045,0.0044,
506.9,-48,80.59,0.0017,-0.0034,0.0042,
115.14,-44,83.94,0.0025,-0.0064,0.0065,
115.14,-43,84.61,0.0027,-0.0056,0.0071,
115.14,-44,82.42,0.0021,-0.0064,0.005,
575.72,-47,79.5,0.0015,-0.0047,0.0042,
506.9,-46,82.42,0.0021,-0.0038,0.0049,
345.43,-46,80.06,0.0016,-0.0048,0.0038,
115.14,-45,81.55,0.0019,-0.0047,0.0055,
345.43,-47,80.06,0.0016,-0.0042,0.0047,
115.14,-46,81.08,0.0018,-0.005,0.0044,
460.57,-45,80.06,0.0016,-0.004,0.0057,
115.14,-43,82.0,0.002,-0.0071,0.0045,
230.29,-47,79.5,0.0015,-0.0044,0.0037,
460.57,-44,81.08,0.0018,-0.0052,0.006,
1013.79,-47,78.9,0.0014,-0.0028,0.0043,
525.0,-46,79.5,0.0015,-0.005,0.0043,
115.14,-45,82.0,0.002,-0.0055,0.0054,
115.14,-45,81.08,0.0018,-0.0058,0.005,
506.9,-44,83.21,0.0023,-0.0061,0.0033,
345.43,-46,79.5,0.0015,-0.005,0.0045,
501.14,-45,82.83,0.0022,-0.0042,0.0053,
115.14,-45,81.08,0.0018,-0.0043,0.0058,
376.92,-46,81.08,0.0018,-0.0047,0.0043,
124.93,-43,81.55,0.0019,-0.0067,0.005,
230.29,-47,79.5,0.0015,-0.0045,0.0046,
1002.27,-48,78.9,0.0014,-0.0033,0.0041,
115.14,-44,81.55,0.0019,-0.0061,0.005,
115.14,-44,83.58,0.0024,-0.0053,0.0065,
501.14,-45,82.42,0.0021,-0.0059,0.0037,
137.81,-46,80.59,0.0017,-0.0051,0.0043,
115.14,-47,80.06,0.0016,-0.0043,0.0033,
1013.79,-47,80.06,0.0016,-0.0045,0.0031,
239.67,-47,80.06,0.0016,-0.0043,0.0033,
307.32,-45,80.59,0.0017,-0.0059,0.0049,
115.14,-47,81.55,0.0019,-0.0047,0.0045,
115.14,-47,81.08,0.0018,-0.0044,0.0047,
501.14,-47,83.21,0.0023,-0.0046,0.0036,
203.23,-47,80.59,0.0017,-0.0038,0.0045,
115.14,-45,82.0,0.002,-0.0054,0.0046,
460.57,-46,79.5,0.0015,-0.0048,0.0039,
345.43,-46,80.59,0.0017,-0.005,0.0044,
351.39,-44,83.94,0.0025,-0.0065,0.0058,
200.45,-45,80.59,0.0017,-0.0053,0.0037,
115.14,-43,82.83,0.0022,-0.0056,0.007,
115.14,-44,83.21,0.0023,-0.0065,0.0052,
5011.36,-48,78.9,0.0014,-0.003,0.0041,
230.29,-43,82.83,0.0022,-0.0054,0.0068,
155.28,-44,82.83,0.0022,-0.0066,0.0049,
460.57,-46,80.59,0.0017,-0.0051,0.0042,
1503.41,-49,78.26,0.0013,-0.0034,0.0029,
115.14,-47,81.08,0.0018,-0.0047,0.0042,
506.9,-48,81.55,0.0019,-0.0037,0.0039,
115.14,-44,82.0,0.002,-0.0044,0.0065,
501.14,-48,80.59,0.0017,-0.0037,0.0038,
278.23,-46,82.0,0.002,-0.0051,0.004,
115.14,-44,84.28,0.0026,-0.0066,0.0042,
506.9,-45,83.21,0.0023,-0.0036,0.0057,
115.14,-43,83.21,0.0023,-0.0074,0.0048,
115.14,-43,81.08,0.0018,-0.005,0.0071,
251.28,-45,82.42,0.0021,-0.0055,0.0059,
367.5,-46,84.28,0.0026,-0.0051,0.0048,
115.14,-45,83.94,0.0025,-0.0058,0.0057,
115.14,-47,80.59,0.0017,-0.004,0.0045,
506.9,-47,81.08,0.0018,-0.0044,0.0036,
115.14,-43,82.0,0.002,-0.0068,0.005,
230.29,-48,79.5,0.0015,-0.0037,0.004,
115.14,-46,81.55,0.0019,-0.0045,0.0048,
4490.6,-40,83.94,0.0025,-0.0058,0.0098,
3548.28,-42,84.92,0.0028,-0.0079,0.0056,
230.29,-41,85.81,0.0031,-0.0088,0.0089,
3328.3,-44,83.94,0.0025,-0.0051,0.006,
115.14,-39,87.8,0.0039,-0.0112,0.0111,
3507.95,-36,91.97,0.0063,-0.0131,0.0159,
4260.31,-36,90.46,0.0053,-0.0151,0.015,
4562.07,-35,92.37,0.0066,-0.0158,0.0173,
4490.6,-32,94.97,0.0089,-0.0255,0.0266,
5188.24,-34,95.26,0.0092,-0.0195,0.0173,
4642.11,-36,91.4,0.0059,-0.0165,0.0062,
4375.46,-27,98.59,0.0135,-0.0448,0.0359,
2505.68,-28,98.96,0.0141,-0.0376,0.0228,
3569.45,-26,100.89,0.0176,-0.0459,0.049,
4562.07,-28,100.89,0.0176,-0.0397,0.036,
2993.73,-27,100.01,0.0159,-0.0426,0.0427,
4510.23,-28,99.5,0.015,-0.0381,0.0353,
2418.02,-25,99.84,0.0156,-0.056,0.0353,
4055.17,-34,95.44,0.0094,-0.0205,0.0199,
3150.0,-35,95.98,0.01,-0.0169,0.0128,
1957.44,-29,95.71,0.0097,-0.0267,0.0347,
4832.88,-31,95.53,0.0095,-0.0272,0.0218,
4951.17,-32,94.36,0.0083,-0.0258,0.0231,
4009.09,-33,93.13,0.0072,-0.0215,0.0144,
4030.03,-35,93.13,0.0072,-0.0179,0.0173,
2027.59,-36,92.76,0.0069,-0.0151,0.0137,
4030.03,-34,90.79,0.0055,-0.0202,0.0143,
4009.09,-39,89.6,0.0048,-0.0113,0.0113,
2814.89,-43,88.65,0.0043,-0.0064,0.0071,
4720.89,-35,91.1,0.0057,-0.0177,0.0143,
2205.0,-40,88.44,0.0042,-0.0075,0.0105,
4490.6,-34,92.1,0.0064,-0.021,0.0185,
2027.59,-34,92.24,0.0065,-0.0171,0.0204,
4375.46,-21,100.17,0.0162,-0.0686,0.088,
4510.23,-22,108.36,0.0416,-0.0772,0.0837,
4490.6,-23,104.57,0.0269,-0.0697,0.0674,
4055.17,-21,106.76,0.0346,-0.0876,0.078,
4900.0,-23,105.95,0.0315,-0.0675,0.0721,
4375.46,-23,103.9,0.0249,-0.0734,0.0715,
6300.0,-23,109.38,0.0468,-0.045,0.0723,
4490.6,-22,103.58,0.024,-0.0766,0.0704,
4562.07,-26,103.97,0.0251,-0.0514,0.0471,
3799.74,-24,100.69,0.0172,-0.0621,0.0489,
2534.48,-29,98.39,0.0132,-0.034,0.028,
4490.6,-26,99.67,0.0153,-0.0516,0.0504,
5011.36,-32,96.49,0.0106,-0.0208,0.0246,
5028.95,-30,97.27,0.0116,-0.0269,0.0302,
4459.55,-29,94.87,0.0088,-0.0247,0.0343,
4490.6,-32,95.71,0.0097,-0.025,0.0265,
3507.95,-33,94.46,0.0084,-0.017,0.0219,
4375.46,-34,93.25,0.0073,-0.0211,0.019,
4375.46,-36,90.3,0.0052,-0.0148,0.0151,
4562.07,-37,91.69,0.0061,-0.0144,0.0115,
4469.59,-38,90.13,0.0051,-0.0127,0.011,
4505.57,-33,93.82,0.0078,-0.0236,0.0193,
4605.74,-35,91.83,0.0062,-0.018,0.0181,
4055.17,-37,91.83,0.0062,-0.0134,0.0142,
4605.74,-34,91.54,0.006,-0.0198,0.0177,
4510.23,-37,90.46,0.0053,-0.0088,0.0144,
4260.31,-27,96.65,0.0108,-0.0446,0.0415,
4562.07,-33,95.89,0.0099,-0.0228,0.0191,
487.29,-32,96.07,0.0101,-0.0249,0.0203,
4577.85,-29,97.49,0.0119,-0.0309,0.0371,
460.57,-31,95.89,0.0099,-0.028,0.0245,
3006.82,-35,93.71,0.0077,-0.0166,0.0187,
4490.6,-31,96.4,0.0105,-0.028,0.0297,
4562.07,-32,98.39,0.0132,-0.0246,0.0255,
3224.02,-30,97.19,0.0115,-0.03,0.0286,
4009.09,-34,95.89,0.0099,-0.0169,0.019,
4739.72,-30,95.44,0.0094,-0.0309,0.0206,
4306.64,-32,95.89,0.0099,-0.0252,0.0226,
3799.74,-31,95.35,0.0093,-0.0233,0.0291,
2534.48,-36,90.94,0.0056,-0.0116,0.0159,
4260.31,-33,94.15,0.0081,-0.0231,0.0233,
4510.23,-38,92.76,0.0069,-0.0128,0.0133,
3799.74,-35,90.13,0.0051,-0.0141,0.0173,
4562.07,-37,89.23,0.0046,-0.0091,0.0141,
4445.56,-38,89.23,0.0046,-0.0123,0.0118,
4350.67,-39,87.58,0.0038,-0.0108,0.0102,
4375.46,-37,89.04,0.0045,-0.0125,0.0134,
3548.28,-41,85.81,0.0031,-0.0093,0.0063,
4375.46,-39,86.86,0.0035,-0.0107,0.0116,
4562.07,-39,88.02,0.004,-0.0106,0.0086,
230.29,-39,86.61,0.0034,-0.0101,0.0109,
4009.09,-42,85.23,0.0029,-0.0083,0.0051,
156.94,-41,85.81,0.0031,-0.0085,0.0083,
233.33,-39,86.86,0.0035,-0.0112,0.0109,
115.14,-43,84.28,0.0026,-0.0062,0.0072,
4562.07,-45,83.21,0.0023,-0.0058,0.0058,
115.14,-43,83.94,0.0025,-0.0063,0.0072,
3548.28,-46,82.42,0.0021,-0.0049,0.0052,
1130.77,-41,84.61,0.0027,-0.0091,0.0074,
1612.01,-34,90.79,0.0055,-0.0196,0.0168,
1520.69,-34,93.36,0.0074,-0.0193,0.0116,
4260.31,-31,94.26,0.0082,-0.0276,0.0255,
3507.95,-31,97.04,0.0113,-0.0246,0.0271,
4375.46,-29,98.06,0.0127,-0.0331,0.0364,
4055.17,-28,100.49,0.0168,-0.0389,0.031,
3801.72,-25,101.08,0.018,-0.0438,0.0546,
4337.7,-27,102.26,0.0206,-0.0436,0.0436,
4490.6,-24,101.74,0.0194,-0.057,0.0618,
1002.27,-29,99.09,0.0143,-0.0336,0.0285,
1496.87,-23,100.99,0.0178,-0.0471,0.0692,
4562.07,-27,99.44,0.0149,-0.0426,0.0315,
2993.73,-27,98.9,0.014,-0.0412,0.0464,
4009.09,-33,96.32,0.0104,-0.0221,0.023,
3125.2,-30,95.8,0.0098,-0.0228,0.0305,
3964.04,-36,94.04,0.008,-0.0155,0.0143,
3569.45,-30,95.35,0.0093,-0.0248,0.0324,
2027.59,-37,91.1,0.0057,-0.0134,0.0145,
3569.45,-34,93.48,0.0075,-0.0208,0.0174,
4009.09,-37,91.97,0.0063,-0.0126,0.0136,
3799.74,-33,91.69,0.0061,-0.0153,0.0221,
3041.38,-40,88.85,0.0044,-0.0105,0.01,
3224.02,-36,89.96,0.005,-0.0168,0.0115,
2756.25,-43,88.02,0.004,-0.0071,0.007,
3150.0,-39,88.44,0.0042,-0.0113,0.0103,
4605.74,-37,90.3,0.0052,-0.0128,0.0138,
3548.28,-38,91.25,0.0058,-0.0119,0.0125,
4030.03,-29,93.48,0.0075,-0.036,0.0326,
4562.07,-28,101.18,0.0182,-0.0411,0.0346,
4490.6,-23,102.79,0.0219,-0.068,0.0669,
5011.36,-26,102.34,0.0208,-0.0438,0.0516,
4720.89,-21,104.14,0.0256,-0.0632,0.0913,
3392.31,-23,102.98,0.0224,-0.0703,0.044,
2004.55,-27,102.83,0.022,-0.0382,0.0454,
4375.46,-23,103.33,0.0233,-0.0731,0.0683,
3006.82,-25,102.26,0.0206,-0.0569,0.0346,
4605.74,-26,101.18,0.0182,-0.0439,0.0501,
4562.07,-28,99.67,0.0153,-0.0278,0.0392,
4145.17,-28,98.12,0.0128,-0.0376,0.0405,
4562.07,-31,96.07,0.0101,-0.0284,0.0218,
3454.31,-27,98.26,0.013,-0.0436,0.0424,
3507.95,-31,96.49,0.0106,-0.0292,0.0216,
4009.09,-32,97.71,0.0122,-0.0241,0.0196,
4375.46,-31,95.44,0.0094,-0.0253,0.0283,
3481.58,-33,95.89,0.0099,-0.0228,0.0216,
3454.31,-32,94.57,0.0085,-0.0238,0.02,
3006.82,-34,91.25,0.0058,-0.012,0.019,
3799.74,-33,92.37,0.0066,-0.022,0.0197,
4055.17,-37,91.4,0.0059,-0.0127,0.0141,
3454.31,-38,89.78,0.0049,-0.0124,0.0125,
506.9,-38,89.04,0.0045,-0.0093,0.0122,
2940.0,-40,88.85,0.0044,-0.0103,0.0081,
4605.74,-36,89.42,0.0047,-0.0153,0.0129,
5127.91,-37,91.1,0.0057,-0.0088,0.0148,
2993.73,-39,87.34,0.0037,-0.0103,0.0106,
4562.07,-41,88.24,0.0041,-0.0091,0.0085,
4375.46,-41,86.35,0.0033,-0.0079,0.0094,
5011.36,-42,85.23,0.0029,-0.0068,0.0077,
4375.46,-40,85.52,0.003,-0.0087,0.0096,
4951.17,-33,91.1,0.0057,-0.0222,0.0179,
4900.0,-38,94.46,0.0084,-0.0088,0.0122,
4375.46,-33,93.36,0.0074,-0.0213,0.0206,
5011.36,-32,95.62,0.0096,-0.0209,0.0241,
5987.47,-30,94.36,0.0083,-0.0304,0.0232,
4055.17,-34,95.16,0.0091,-0.0203,0.0178,
4720.89,-29,97.34,0.0117,-0.0343,0.0343,
3507.95,-26,101.08,0.018,-0.0477,0.0296,
4767.57,-25,103.29,0.0232,-0.0449,0.0595,
2825.35,-22,102.21,0.0205,-0.0658,0.0805,
4375.46,-22,103.44,0.0236,-0.0646,0.0756,
2534.48,-26,102.83,0.022,-0.0521,0.0397,
3569.45,-25,101.69,0.0193,-0.0531,0.058,
5011.36,-32,97.04,0.0113,-0.0193,0.0255,
5181.46,-27,98.9,0.014,-0.0422,0.0369,
4562.07,-34,95.16,0.0091,-0.0189,0.0196,
3041.38,-30,96.89,0.0111,-0.0257,0.032,
3111.35,-29,95.62,0.0096,-0.0364,0.0329,
4836.03,-31,95.89,0.0099,-0.0296,0.0272,
5068.97,-32,95.8,0.0098,-0.0188,0.0265,
4836.03,-32,94.57,0.0085,-0.0254,0.0226,
4562.07,-33,95.44,0.0094,-0.0229,0.0195,
3108.88,-31,94.87,0.0088,-0.0271,0.018,
2505.68,-35,93.25,0.0073,-0.017,0.0141,
2973.03,-32,94.26,0.0082,-0.0186,0.026,
3624.66,-33,93.48,0.0075,-0.0178,0.0218,
5066.32,-34,93.0,0.0071,-0.0203,0.0173,
4510.23,-29,97.12,0.0114,-0.0347,0.0302,
3224.02,-30,96.4,0.0105,-0.0331,0.0271,
4055.17,-30,99.44,0.0149,-0.0327,0.0272,
4030.03,-28,97.56,0.012,-0.0318,0.0376,
4055.17,-32,95.16,0.0091,-0.0259,0.0196,
4160.38,-34,94.15,0.0081,-0.0196,0.0186,
4256.76,-33,93.25,0.0073,-0.0158,0.0222,
4145.17,-30,94.77,0.0087,-0.024,0.0312,
4562.07,-35,92.5,0.0067,-0.0163,0.0181,
3224.02,-34,92.24,0.0065,-0.0185,0.0191,
4009.09,-39,88.65,0.0043,-0.0107,0.0073,
3914.88,-37,88.24,0.0041,-0.0143,0.0112,
4562.07,-38,90.13,0.0051,-0.013,0.0127,
3240.0,-37,90.3,0.0052,-0.0128,0.0134,
4508.0,-39,88.24,0.0041,-0.0108,0.0092,
115.14,-38,87.34,0.0037,-0.0117,0.0122,
3006.82,-42,86.08,0.0032,-0.0082,0.0064,
5642.04,-25,93.0,0.0071,-0.0574,0.0326,
4562.07,-24,103.66,0.0242,-0.0488,0.0621,
4605.74,-24,103.62,0.0241,-0.0629,0.0664,
4009.09,-21,104.18,0.0257,-0.0906,0.0458,
4600.36,-19,106.14,0.0322,-0.1106,0.0889,
4593.75,-19,107.08,0.0359,-0.1072,0.0774,
4605.74,-19,107.13,0.0361,-0.0835,0.109,
4055.17,-23,105.17,0.0288,-0.0541,0.0696,
4030.03,-21,104.54,0.0268,-0.0845,0.0769,
2004.55,-25,102.63,0.0215,-0.0453,0.0584,
4145.17,-25,102.21,0.0205,-0.0583,0.0531,
4055.17,-25,104.21,0.0258,-0.0492,0.057,
4099.04,-24,102.21,0.0205,-0.062,0.0579,
3883.02,-29,96.49,0.0106,-0.0348,0.0314,
4490.6,-29,98.84,0.0139,-0.033,0.0347,
4055.17,-32,98.32,0.0131,-0.0238,0.0262,
4490.6,-31,96.89,0.0111,-0.0285,0.0241,
5068.97,-33,94.97,0.0089,-0.0191,0.0223,
4836.03,-32,95.26,0.0092,-0.0238,0.0263,
4090.43,-33,93.0,0.0071,-0.0215,0.0185,
3528.0,-36,91.83,0.0062,-0.0158,0.0133,
1036.29,-36,91.54,0.006,-0.0163,0.0139,
4510.23,-37,90.79,0.0055,-0.0112,0.0141,
3684.6,-35,91.69,0.0061,-0.0174,0.0166,
4562.07,-33,93.71,0.0077,-0.0216,0.014,
4145.17,-33,93.48,0.0075,-0.0235,0.0224,
3548.28,-32,93.82,0.0078,-0.0246,0.0104,
3025.33,-31,95.26,0.0092,-0.0235,0.0283,
2396.74,-35,94.04,0.008,-0.0161,0.0187,
1612.01,-32,96.07,0.0101,-0.0253,0.0248,
2534.48,-31,96.49,0.0106,-0.0292,0.0195,
4375.46,-31,95.53,0.0095,-0.0278,0.0241,
4009.09,-35,92.1,0.0064,-0.0174,0.0113,
3799.74,-33,92.1,0.0064,-0.0217,0.0158,
3041.38,-37,89.96,0.005,-0.0134,0.0128,
4375.46,-35,90.94,0.0056,-0.0155,0.0168,
3041.38,-37,91.69,0.0061,-0.0138,0.0089,
4562.07,-41,86.86,0.0035,-0.0085,0.0064,
4605.74,-37,90.46,0.0053,-0.0139,0.0125,
4009.09,-37,89.23,0.0046,-0.0098,0.0141,
4375.46,-37,88.44,0.0042,-0.0116,0.0138,
115.14,-39,87.58,0.0038,-0.0119,0.0115,
4510.23,-41,88.02,0.004,-0.008,0.0089,
4267.74,-42,87.34,0.0037,-0.0066,0.0079,
3528.0,-42,86.35,0.0033,-0.0077,0.0032,
4145.17,-31,91.54,0.006,-0.0276,0.0234,
5068.97,-28,100.17,0.0162,-0.0369,0.04,
3339.16,-31,95.62,0.0096,-0.0284,0.0236,
3006.82,-30,96.96,0.0112,-0.0305,0.0227,
4720.89,-25,98.65,0.0136,-0.0557,0.0478,
5068.97,-27,100.06,0.016,-0.0444,0.0339,
3339.16,-27,97.34,0.0117,-0.0446,0.0366,
4009.09,-28,100.12,0.0161,-0.0327,0.0414,
5512.5,-41,91.54,0.006,-0.0091,0.0065,
4030.03,-31,96.07,0.0101,-0.0271,0.0243,
3349.37,-32,95.53,0.0095,-0.0248,0.019,
3224.02,-32,94.26,0.0082,-0.0244,0.0213,
3548.28,-31,94.57,0.0085,-0.0268,0.0176,
4145.17,-34,92.63,0.0068,-0.0165,0.0205,
5526.89,-36,90.79,0.0055,-0.014,0.0157,
4055.17,-38,90.94,0.0056,-0.0113,0.012,
3150.0,-36,92.24,0.0065,-0.016,0.0155,
4145.17,-37,90.13,0.0051,-0.0147,0.0121,
1917.39,-39,88.24,0.0041,-0.0042,0.0115,
5411.75,-38,88.24,0.0041,-0.0102,0.0121,
3548.28,-41,88.85,0.0044,-0.0081,0.0094,
4720.89,-39,86.86,0.0035,-0.0118,0.0088,
3799.74,-39,86.08,0.0032,-0.0115,0.009,
4510.23,-26,99.79,0.0155,-0.0429,0.0488,
3528.0,-27,101.6,0.0191,-0.0443,0.0412,
3684.6,-28,97.85,0.0124,-0.0368,0.0396,
4375.46,-26,99.27,0.0146,-0.0398,0.0483,
4510.23,-28,98.96,0.0141,-0.0337,0.0388,
4375.46,-29,97.49,0.0119,-0.0369,0.0366,
6082.76,-31,96.07,0.0101,-0.0294,0.0219,
4951.17,-31,95.44,0.0094,-0.0258,0.0289,
4562.07,-28,98.12,0.0128,-0.0389,0.0244,
2832.11,-33,95.06,0.009,-0.0183,0.0233,
4385.64,-34,92.76,0.0069,-0.0186,0.0211,
115.14,-35,92.5,0.0067,-0.0161,0.0175,
4055.17,-40,87.8,0.0039,-0.0097,0.0082,
4605.74,-36,90.46,0.0053,-0.0145,0.0157,
115.14,-36,88.44,0.0042,-0.0107,0.0152,
4562.07,-39,89.96,0.005,-0.0114,0.0098,
4705.79,-38,88.24,0.0041,-0.0126,0.0099,
4375.46,-36,87.11,0.0036,-0.0153,0.0095,
5011.36,-41,85.81,0.0031,-0.0067,0.0094,
5181.46,-30,95.53,0.0095,-0.0265,0.0308,
5068.97,-37,92.24,0.0065,-0.0146,0.0134,
4605.74,-30,96.15,0.0102,-0.0332,0.0286,
4510.23,-33,95.06,0.009,-0.0153,0.0231,
4284.0,-34,93.36,0.0074,-0.0197,0.0191,
4335.25,-28,96.73,0.0109,-0.0395,0.0247,
4490.6,-29,96.96,0.0112,-0.0338,0.0274,
2534.48,-29,98.84,0.0139,-0.0341,0.0261,
5066.32,-31,96.15,0.0102,-0.0268,0.0241,
4009.09,-32,95.98,0.01,-0.0259,0.0214,
2648.3,-33,94.15,0.0081,-0.0165,0.0221,
5068.97,-35,93.36,0.0074,-0.014,0.0187,
2532.06,-32,92.5,0.0067,-0.0265,0.014,
3871.37,-36,91.1,0.0057,-0.014,0.016,
4145.17,-36,90.13,0.0051,-0.0161,0.0138,
3548.28,-38,90.3,0.0052,-0.0126,0.0105,
115.14,-38,88.85,0.0044,-0.0104,0.0127,
4562.07,-42,86.61,0.0034,-0.0069,0.008,
4145.17,-40,86.61,0.0034,-0.0099,0.0081,
2707.89,-42,86.35,0.0033,-0.0084,0.0083,
345.43,-42,84.92,0.0028,-0.0077,0.0078,
3006.82,-40,85.23,0.0029,-0.0081,0.0101,
4605.74,-34,88.85,0.0044,-0.0208,0.0156,
4720.89,-32,94.04,0.008,-0.0232,0.0247,
4055.17,-33,94.04,0.008,-0.02,0.0225,
4314.13,-32,94.26,0.0082,-0.0186,0.0255,
4749.23,-33,94.04,0.008,-0.0203,0.0225,
4260.31,-34,92.37,0.0066,-0.0208,0.0207,
4562.07,-36,91.1,0.0057,-0.0152,0.0129,
115.14,-36,91.25,0.0058,-0.016,0.0135,
4510.23,-34,94.97,0.0089,-0.0208,0.018,
4720.89,-32,95.71,0.0097,-0.0249,0.0249,
4055.17,-33,94.87,0.0088,-0.0224,0.0169,
3853.4,-31,95.26,0.0092,-0.0222,0.0284,
4108.7,-34,93.6,0.0076,-0.0211,0.0176,
5066.32,-33,94.04,0.008,-0.0206,0.023,
5011.36,-38,90.94,0.0056,-0.0123,0.0097,
4951.17,-35,91.25,0.0058,-0.0158,0.017,
4055.17,-42,86.86,0.0035,-0.0078,0.0075,
4836.03,-36,88.65,0.0043,-0.0166,0.011,
4510.23,-38,89.96,0.005,-0.0119,0.0109,
4126.32,-37,88.85,0.0044,-0.014,0.011,
4134.38,-39,89.42,0.0047,-0.008,0.0111,
4605.74,-38,86.61,0.0034,-0.0107,0.0131,
4836.03,-41,85.81,0.0031,-0.0072,0.0085,
4510.23,-43,84.92,0.0028,-0.0053,0.0069,
115.14,-41,86.35,0.0033,-0.0088,0.0074,
117.29,-42,85.81,0.0031,-0.0081,0.0073,
4605.74,-44,83.21,0.0023,-0.0062,0.0066,
506.9,-44,83.58,0.0024,-0.0045,0.0065,
115.14,-43,83.94,0.0025,-0.0068,0.0063,
115.14,-42,83.58,0.0024,-0.0057,0.0081,
115.14,-43,83.21,0.0023,-0.0054,0.0072,
115.14,-42,85.23,0.0029,-0.0058,0.0075,
501.14,-41,87.8,0.0039,-0.0054,0.0084,
115.14,-43,83.21,0.0023,-0.0062,0.0073,
460.57,-42,82.42,0.0021,-0.0056,0.0075,
115.14,-45,81.08,0.0018,-0.0054,0.0054,
506.9,-44,83.94,0.0025,-0.0061,0.0054,
4490.6,-24,97.64,0.0121,-0.0648,0.0626,
4510.23,-25,101.6,0.0191,-0.0568,0.0566,
4951.17,-26,100.22,0.0163,-0.0521,0.0455,
4562.07,-25,101.96,0.0199,-0.0404,0.0533,
4490.6,-25,101.37,0.0186,-0.0556,0.0543,
4055.17,-30,98.12,0.0128,-0.03,0.0286,
4836.03,-28,98.39,0.0132,-0.0347,0.0396,
4840.24,-28,99.9,0.0157,-0.0391,0.0349,
4720.89,-29,97.64,0.0121,-0.0352,0.0298,
2534.48,-33,95.26,0.0092,-0.0183,0.0215,
3799.74,-32,94.15,0.0081,-0.0257,0.0236,
4510.23,-33,96.07,0.0101,-0.0196,0.023,
4836.03,-33,93.0,0.0071,-0.0224,0.0205,
4055.17,-34,94.67,0.0086,-0.0195,0.021,
3392.31,-36,91.4,0.0059,-0.0157,0.0112,
3684.6,-32,93.0,0.0071,-0.0247,0.0223,
4593.75,-36,91.97,0.0063,-0.0153,0.0137,
4951.17,-36,90.13,0.0051,-0.0143,0.0155,
6332.9,-37,87.8,0.0039,-0.0105,0.0134,
4720.89,-37,89.78,0.0049,-0.0146,0.0132,
4510.23,-38,90.63,0.0054,-0.0106,0.0128,
4287.5,-41,86.86,0.0035,-0.0078,0.009,
4490.6,-39,87.8,0.0039,-0.0098,0.0109,
5296.61,-42,84.92,0.0028,-0.0081,0.0073,
115.14,-38,88.02,0.004,-0.0119,0.0098,
3507.95,-42,85.52,0.003,-0.0077,0.0073,
5642.04,-25,94.77,0.0087,-0.0582,0.0342,
2027.59,-28,98.9,0.014,-0.041,0.027,
4576.42,-24,102.51,0.0212,-0.0624,0.0633,
4712.05,-24,102.47,0.0211,-0.0598,0.0628,
4375.46,-25,102.98,0.0224,-0.0565,0.0529,
4562.07,-22,104.11,0.0255,-0.0552,0.0758,
4490.6,-25,99.84,0.0156,-0.0534,0.0527,
4562.07,-29,98.46,0.0133,-0.0252,0.0346,
4260.31,-27,98.71,0.0137,-0.0431,0.0386,
4009.09,-32,98.06,0.0127,-0.0253,0.0261,
4441.73,-30,98.39,0.0132,-0.0277,0.0326,
4529.91,-30,96.57,0.0107,-0.0324,0.027,
4490.6,-30,95.44,0.0094,-0.0316,0.0251,
4009.09,-34,92.1,0.0064,-0.02,0.0146,
4375.46,-33,93.36,0.0074,-0.0205,0.0215,
4562.07,-34,91.97,0.0063,-0.0199,0.0146,
4605.74,-35,91.83,0.0062,-0.0184,0.0178,
3548.28,-36,91.1,0.0057,-0.0099,0.0162,
3823.7,-37,90.63,0.0054,-0.0147,0.0132,
4735.57,-36,91.1,0.0057,-0.0147,0.0165,
115.14,-38,89.42,0.0047,-0.0116,0.0129,
4720.89,-36,90.13,0.0051,-0.0166,0.0118,
4009.09,-40,88.85,0.0044,-0.0095,0.0101,
4375.46,-36,89.23,0.0046,-0.0128,0.0151,
4055.17,-41,86.35,0.0033,-0.0069,0.0091,
214.08,-39,88.02,0.004,-0.0117,0.0101,
334.09,-41,84.92,0.0028,-0.0085,0.0073,
345.43,-40,86.35,0.0033,-0.0091,0.01,
4510.23,-40,87.11,0.0036,-0.0065,0.0097,
4260.31,-42,85.23,0.0029,-0.0082,0.0075,
4562.07,-45,83.58,0.0024,-0.0058,0.0046,
115.14,-42,83.94,0.0025,-0.0078,0.0058,
501.14,-44,83.58,0.0024,-0.0045,0.0063,
369.04,-45,82.42,0.0021,-0.0058,0.0039,
572.73,-45,82.42,0.0021,-0.0059,0.0049,
4260.31,-39,85.52,0.003,-0.0072,0.0115,
4562.07,-42,84.61,0.0027,-0.0055,0.008,
3006.82,-43,86.86,0.0035,-0.0073,0.0074,
460.57,-40,87.11,0.0036,-0.0103,0.0103,
3548.28,-40,87.58,0.0038,-0.0064,0.0095,
2746.15,-36,89.6,0.0048,-0.0133,0.0165,
2895.45,-38,89.96,0.005,-0.0109,0.0132,
3339.16,-34,92.5,0.0067,-0.0185,0.0203,
3041.38,-40,89.23,0.0046,-0.0087,0.0098,
3339.16,-37,89.04,0.0045,-0.0137,0.0108,
3548.28,-39,88.44,0.0042,-0.0085,0.0116,
4510.23,-40,87.8,0.0039,-0.009,0.0095,
4302.44,-41,85.23,0.0029,-0.0085,0.0071,
230.29,-41,86.35,0.0033,-0.009,0.009,
115.14,-40,84.92,0.0028,-0.01,0.0071,
115.14,-38,87.34,0.0037,-0.0081,0.0119,
1013.79,-44,84.61,0.0027,-0.0061,0.0062,
1815.88,-24,102.0,0.02,-0.0613,0.0625,
1346.56,-30,96.96,0.0112,-0.028,0.0321,
4836.03,-31,96.07,0.0101,-0.0275,0.0222,
4055.17,-29,99.67,0.0153,-0.0277,0.0374,
4030.03,-27,97.42,0.0118,-0.0387,0.0431,
5011.36,-31,97.56,0.012,-0.0288,0.0231,
4260.31,-29,98.12,0.0128,-0.0372,0.0313,
4562.07,-32,97.12,0.0114,-0.0246,0.0217,
4256.3,-33,93.93,0.0079,-0.023,0.0216,
4091.75,-33,93.36,0.0074,-0.0159,0.0212,
4260.31,-34,93.13,0.0072,-0.0205,0.0199,
4009.09,-38,90.46,0.0053,-0.0116,0.0124,
4145.17,-36,89.23,0.0046,-0.0111,0.0151,
5068.97,-37,89.78,0.0049,-0.0136,0.0102,
4260.31,-40,87.34,0.0037,-0.0104,0.0095,
4510.23,-41,87.34,0.0037,-0.009,0.006,
4260.31,-41,86.61,0.0034,-0.0094,0.0093,
5752.17,-42,88.02,0.004,-0.0067,0.0076,
4823.44,-42,88.44,0.0042,-0.0078,0.0079,
4145.17,-39,87.58,0.0038,-0.0095,0.0107,
4562.07,-42,85.52,0.003,-0.0082,0.0062,
4720.89,-41,85.81,0.0031,-0.0067,0.0087,
4720.89,-41,85.81,0.0031,-0.0094,0.0087,
4562.07,-42,86.08,0.0032,-0.0078,0.0049,
115.14,-42,85.23,0.0029,-0.008,0.0081,
4642.11,-43,84.61,0.0027,-0.0051,0.0068,
4267.74,-45,83.94,0.0025,-0.0057,0.0054,
115.14,-44,82.83,0.0022,-0.0057,0.0061,
3548.28,-44,82.83,0.0022,-0.0061,0.004,
115.14,-42,83.21,0.0023,-0.0084,0.0064,
115.14,-42,84.61,0.0027,-0.0076,0.0064,
506.9,-45,84.92,0.0028,-0.0055,0.0046,
115.14,-42,84.61,0.0027,-0.0079,0.007,
115.14,-43,83.94,0.0025,-0.0068,0.0073,
115.14,-44,83.21,0.0023,-0.0064,0.0066,
506.9,-47,81.08,0.0018,-0.0045,0.0028,
115.14,-44,82.83,0.0022,-0.0056,0.006,
1225.0,-49,82.0,0.002,-0.003,0.0038,
501.14,-46,80.59,0.0017,-0.0049,0.0024,
115.14,-43,83.94,0.0025,-0.007,0.0074,
630.0,-43,86.08,0.0032,-0.007,0.0072,
2533.16,-37,89.04,0.0045,-0.0117,0.0148,
2450.0,-40,90.13,0.0051,-0.0082,0.0097,
115.14,-37,89.42,0.0047,-0.0141,0.0115,
2533.16,-38,87.8,0.0039,-0.0127,0.0095,
2505.68,-43,86.35,0.0033,-0.006,0.0073,
3914.88,-40,86.61,0.0034,-0.0096,0.0103,
506.9,-44,84.28,0.0026,-0.0057,0.0061,
120.16,-38,87.34,0.0037,-0.0133,0.0091,
4375.46,-33,92.5,0.0067,-0.0221,0.0205,
4490.6,-33,93.48,0.0075,-0.0216,0.022,
115.14,-35,91.1,0.0057,-0.0123,0.0181,
324.26,-34,93.6,0.0076,-0.0122,0.0196,
132.04,-33,93.93,0.0079,-0.0217,0.013,
115.14,-35,92.88,0.007,-0.015,0.0178,
115.14,-28,94.87,0.0088,-0.0338,0.039,
4510.23,-32,96.24,0.0103,-0.0257,0.0239,
115.14,-31,95.26,0.0092,-0.028,0.0294,
4055.17,-34,94.87,0.0088,-0.0202,0.0142,
3112.94,-29,97.42,0.0118,-0.0296,0.0346,
3662.79,-30,97.12,0.0114,-0.0301,0.029,
4260.31,-27,97.71,0.0122,-0.0325,0.0441,
4562.07,-31,97.12,0.0114,-0.024,0.0298,
4375.46,-31,96.49,0.0106,-0.0296,0.0281,
2534.48,-36,93.6,0.0076,-0.0123,0.0165,
4605.74,-32,96.07,0.0101,-0.0248,0.0248,
4510.23,-34,92.88,0.007,-0.016,0.0203,
3258.62,-34,93.48,0.0075,-0.0208,0.0201,
3303.37,-32,92.5,0.0067,-0.0151,0.0249,
4490.6,-35,92.5,0.0067,-0.0184,0.0182,
5512.5,-37,90.79,0.0055,-0.011,0.0134,
3339.16,-36,90.63,0.0054,-0.0121,0.0164,
115.14,-35,89.6,0.0048,-0.0117,0.0177,
4279.75,-40,87.58,0.0038,-0.0098,0.0097,
115.14,-38,87.8,0.0039,-0.0125,0.01,
115.14,-40,86.61,0.0034,-0.0098,0.0089,
506.9,-44,85.52,0.003,-0.0065,0.0045,
163.33,-39,85.81,0.0031,-0.0052,0.0106,
220.5,-43,84.28,0.0026,-0.0073,0.0054,
1612.01,-32,92.63,0.0068,-0.0247,0.0239,
4836.03,-33,91.54,0.006,-0.0208,0.0214,
506.9,-39,90.94,0.0056,-0.0101,0.0112,
3224.02,-35,90.3,0.0052,-0.0172,0.0126,
5512.5,-36,91.54,0.006,-0.0116,0.0151,
4657.43,-37,90.13,0.0051,-0.0132,0.0142,
264.07,-39,88.44,0.0042,-0.01,0.0107,
4836.03,-38,87.58,0.0038,-0.0085,0.0132,
5575.86,-41,88.24,0.0041,-0.0091,0.0082,
4836.03,-42,85.81,0.0031,-0.008,0.0078,
115.14,-42,84.92,0.0028,-0.008,0.0071,
130.86,-39,86.86,0.0035,-0.0112,0.0064,
4278.36,-42,86.08,0.0032,-0.0059,0.0078,
806.01,-42,84.61,0.0027,-0.0077,0.0061,
506.9,-41,85.81,0.0031,-0.006,0.0085,
4375.46,-42,84.28,0.0026,-0.0081,0.0068,
230.29,-45,82.42,0.0021,-0.0059,0.0058,
501.14,-45,82.83,0.0022,-0.0045,0.0054,
441.0,-45,82.83,0.0022,-0.005,0.0054,
115.14,-42,83.94,0.0025,-0.0063,0.0079,
115.14,-41,83.94,0.0025,-0.0088,0.0056,
506.9,-45,83.21,0.0023,-0.0053,0.0058,
115.14,-42,84.61,0.0027,-0.0073,0.008,
4055.17,-40,89.42,0.0047,-0.0081,0.0095,
4200.0,-46,84.92,0.0028,-0.0045,0.0048,
4375.46,-38,88.44,0.0042,-0.0129,0.0109,
115.14,-40,86.86,0.0035,-0.0088,0.01,
4510.23,-40,87.34,0.0037,-0.0102,0.0085,
4145.17,-39,87.11,0.0036,-0.0109,0.0081,
506.9,-41,88.44,0.0042,-0.0094,0.0084,
115.14,-41,87.8,0.0039,-0.0091,0.0088,
4900.0,-43,85.52,0.003,-0.0073,0.0055,
5345.45,-41,89.96,0.005,-0.0085,0.0081,
4836.03,-36,90.3,0.0052,-0.0166,0.0143,
4510.23,-31,97.92,0.0125,-0.0276,0.0295,
4375.46,-29,97.42,0.0118,-0.0346,0.0311,
4562.07,-32,96.81,0.011,-0.0245,0.0232,
4490.6,-27,98.96,0.0141,-0.0402,0.0423,
4510.23,-31,98.9,0.014,-0.0273,0.0288,
4605.74,-30,96.81,0.011,-0.0333,0.0314,
4562.07,-32,96.32,0.0104,-0.0262,0.0233,
4375.46,-31,95.53,0.0095,-0.0294,0.0242,
4562.07,-33,96.15,0.0102,-0.0236,0.0194,
4375.46,-33,94.26,0.0082,-0.0187,0.0216,
4009.09,-33,93.6,0.0076,-0.0137,0.0231,
4260.31,-35,91.83,0.0062,-0.018,0.0174,
2534.48,-37,91.69,0.0061,-0.0147,0.0149,
2993.73,-36,92.37,0.0066,-0.0149,0.0152,
4009.09,-37,92.88,0.007,-0.0123,0.0142,
4009.09,-34,95.44,0.0094,-0.0189,0.0139,
4375.46,-34,91.69,0.0061,-0.0189,0.0158,
4083.33,-35,93.25,0.0073,-0.0127,0.0181,
4720.89,-34,92.76,0.0069,-0.0186,0.0189,
4562.07,-36,93.0,0.0071,-0.0147,0.0157,
4836.03,-34,91.4,0.0059,-0.02,0.0169,
4510.23,-37,90.79,0.0055,-0.0101,0.0135,
4260.31,-38,90.46,0.0053,-0.012,0.0121,
3041.38,-36,90.63,0.0054,-0.0164,0.0085,
4607.46,-38,91.1,0.0057,-0.012,0.0117,
4145.17,-37,91.1,0.0057,-0.0126,0.0139,
2100.0,-45,83.58,0.0024,-0.0055,0.0032,
4836.03,-38,89.04,0.0045,-0.0122,0.0116,
4562.07,-37,90.46,0.0053,-0.0137,0.0107,
4260.31,-38,89.42,0.0047,-0.0126,0.0112,
4055.17,-37,89.78,0.0049,-0.0091,0.0143,
4836.03,-36,88.65,0.0043,-0.0117,0.015,
4510.23,-36,91.54,0.006,-0.0161,0.0113,
4410.0,-38,88.44,0.0042,-0.0133,0.0061,
119.19,-39,88.24,0.0041,-0.0105,0.0116,
4836.03,-39,87.58,0.0038,-0.011,0.009,
4009.09,-41,85.52,0.003,-0.0074,0.0086,
4030.03,-35,87.8,0.0039,-0.01,0.0171,
3548.28,-39,86.61,0.0034,-0.0106,0.0067,
115.14,-38,87.58,0.0038,-0.0123,0.0095,
4936.57,-40,86.86,0.0035,-0.0083,0.0103,
4841.84,-39,86.61,0.0034,-0.0114,0.0091,
115.14,-39,86.35,0.0033,-0.011,0.0088,
3339.16,-35,89.6,0.0048,-0.0155,0.0169,
3507.95,-28,98.9,0.014,-0.0274,0.0396,
4836.03,-31,95.8,0.0098,-0.0282,0.0285,
3041.38,-31,96.07,0.0101,-0.0297,0.017,
4753.29,-29,94.67,0.0086,-0.0335,0.02,
4802.97,-30,96.65,0.0108,-0.0308,0.0326,
4605.74,-32,95.06,0.009,-0.0255,0.0235,
4510.23,-36,93.82,0.0078,-0.0139,0.0166,
4720.89,-33,94.57,0.0085,-0.0218,0.0222,
4562.07,-36,93.6,0.0076,-0.0151,0.0165,
4951.17,-33,93.25,0.0073,-0.0221,0.0177,
4510.23,-34,92.24,0.0065,-0.0188,0.0211,
4630.5,-35,91.25,0.0058,-0.0188,0.0171,
4573.33,-37,90.46,0.0053,-0.0148,0.0125,
460.57,-34,91.25,0.0058,-0.0206,0.0172,
4562.07,-39,89.6,0.0048,-0.0117,0.0082,
460.57,-36,91.4,0.0059,-0.0154,0.0154,
4510.23,-36,90.3,0.0052,-0.0085,0.0153,
460.57,-35,90.3,0.0052,-0.0174,0.0127,
506.9,-39,88.65,0.0043,-0.0115,0.007,
376.92,-36,90.13,0.0051,-0.0162,0.0156,
4837.97,-37,89.23,0.0046,-0.0139,0.0125,
115.14,-38,88.85,0.0044,-0.0097,0.0122,
506.9,-39,89.04,0.0045,-0.0117,0.0084,
4720.89,-39,88.02,0.004,-0.0116,0.011,
506.9,-42,87.11,0.0036,-0.0076,0.0072,
115.14,-38,88.65,0.0043,-0.0091,0.0119,
501.14,-42,88.02,0.004,-0.0082,0.0082,
4789.89,-41,87.58,0.0038,-0.0089,0.0088,
434.48,-38,88.65,0.0043,-0.0119,0.0107,
460.57,-40,87.11,0.0036,-0.0093,0.0104,
5011.36,-41,85.81,0.0031,-0.0091,0.0048,
230.29,-39,86.86,0.0035,-0.0119,0.0089,
460.57,-41,85.23,0.0029,-0.0093,0.0074,
506.9,-44,85.52,0.003,-0.006,0.0066,
146.51,-43,84.28,0.0026,-0.0067,0.0069,
518.82,-45,83.58,0.0024,-0.0048,0.0055,
4605.74,-42,84.28,0.0026,-0.0072,0.0076,
4720.89,-39,89.04,0.0045,-0.0117,0.0119,
4720.89,-35,90.63,0.0054,-0.015,0.0184,
4562.07,-35,92.37,0.0066,-0.0145,0.0172,
3961.08,-36,91.1,0.0057,-0.0167,0.0153,
5512.5,-34,92.63,0.0068,-0.0205,0.0166,
4951.17,-36,92.1,0.0064,-0.016,0.0149,
5512.5,-35,92.76,0.0069,-0.0168,0.0176,
4720.89,-34,91.83,0.0062,-0.0205,0.0194,
3548.28,-36,91.69,0.0061,-0.0113,0.0156,
4605.74,-33,91.4,0.0059,-0.0217,0.0162,
5011.36,-37,91.25,0.0058,-0.012,0.0139,
4926.7,-35,89.42,0.0047,-0.0128,0.017,
4490.6,-37,89.23,0.0046,-0.0114,0.0135,
4055.17,-40,88.85,0.0044,-0.0105,0.0082,
230.29,-39,87.11,0.0036,-0.0107,0.0093,
5011.36,-41,87.58,0.0038,-0.0082,0.0093,
230.29,-39,87.11,0.0036,-0.0097,0.0108,
1013.79,-40,88.65,0.0043,-0.0097,0.0092,
806.01,-40,87.58,0.0038,-0.0097,0.0099,
4900.0,-48,82.83,0.0022,-0.0028,0.0041,
4410.0,-39,88.85,0.0044,-0.0118,0.008,
806.01,-40,87.11,0.0036,-0.0092,0.0104,
4720.89,-40,88.02,0.004,-0.0099,0.0104,
506.9,-40,87.34,0.0037,-0.0085,0.0102,
4009.09,-41,87.58,0.0038,-0.0093,0.0088,
460.57,-38,87.11,0.0036,-0.0086,0.012,
3458.82,-43,85.81,0.0031,-0.0069,0.0047,
4900.0,-41,88.24,0.0041,-0.0093,0.0064,
4720.89,-39,86.86,0.0035,-0.0106,0.0094,
5011.36,-37,90.3,0.0052,-0.0139,0.0103,
4836.03,-32,91.83,0.0062,-0.0248,0.0159,
4055.17,-31,97.34,0.0117,-0.026,0.0267,
4720.89,-28,100.01,0.0159,-0.0404,0.0421,
4055.17,-30,98.71,0.0137,-0.0216,0.03,
3339.16,-24,102.21,0.0205,-0.0664,0.0539,
4150.59,-28,100.79,0.0174,-0.0385,0.034,
14700.0,-36,96.49,0.0106,-0.0069,0.0165,
4720.89,-23,104.51,0.0267,-0.0687,0.0618,
4562.07,-20,108.91,0.0443,-0.0935,0.0984,
4720.89,-19,107.55,0.0379,-0.1097,0.1041,
4510.23,-22,107.01,0.0356,-0.079,0.065,
4490.6,-20,106.16,0.0323,-0.0946,0.095,
4562.07,-18,112.12,0.0641,-0.1223,0.1282,
4605.74,-20,107.85,0.0392,-0.0875,0.095,
5068.97,-22,105.86,0.0312,-0.0816,0.0797,
4267.74,-27,103.66,0.0242,-0.0433,0.0455,
4490.6,-22,105.32,0.0293,-0.0745,0.0753,
3868.42,-30,99.15,0.0144,-0.027,0.0315,
4720.89,-22,103.9,0.0249,-0.062,0.077,
4562.07,-26,102.51,0.0212,-0.0435,0.0517,
4490.6,-24,103.02,0.0225,-0.0639,0.0531,
6514.77,-27,100.54,0.0169,-0.0459,0.0343,
4720.89,-23,102.17,0.0204,-0.0568,0.0685,
4562.07,-27,101.13,0.0181,-0.0437,0.0355,
4823.44,-25,102.04,0.0201,-0.0532,0.0533,
4720.89,-27,99.79,0.0155,-0.0376,0.0423,
3834.78,-31,99.67,0.0153,-0.0221,0.0272,
4605.74,-27,98.78,0.0138,-0.0403,0.0423,
5011.36,-31,97.34,0.0117,-0.0298,0.0244,
4951.17,-29,95.62,0.0096,-0.0243,0.035,
4562.07,-29,99.27,0.0146,-0.0356,0.0341,
4375.46,-33,94.04,0.008,-0.022,0.0228,
5011.36,-34,94.26,0.0082,-0.0193,0.0168,
5001.03,-36,92.5,0.0067,-0.013,0.0154,
4256.3,-33,94.97,0.0089,-0.021,0.0234,
4720.89,-31,94.87,0.0088,-0.024,0.0277,
506.9,-33,93.71,0.0077,-0.0214,0.0136,
4605.74,-33,92.63,0.0068,-0.0154,0.0216,
4510.23,-34,94.87,0.0088,-0.0183,0.0207,
460.57,-32,94.15,0.0081,-0.0252,0.0239,
3548.28,-34,94.36,0.0083,-0.0203,0.0153,
336.64,-36,91.54,0.006,-0.0111,0.0152,
4539.71,-34,92.88,0.007,-0.019,0.0194,
4260.31,-31,94.46,0.0084,-0.0216,0.0292,
3041.38,-37,91.4,0.0059,-0.0147,0.0139,
4605.74,-34,92.76,0.0069,-0.0205,0.0206,
4055.17,-38,91.69,0.0061,-0.0103,0.0133,
4605.74,-34,91.97,0.0063,-0.0189,0.0168,
3006.82,-36,93.93,0.0079,-0.016,0.0155,
4571.34,-35,93.13,0.0072,-0.0173,0.0137,
4035.29,-34,92.5,0.0067,-0.0164,0.0207,
4490.6,-35,90.79,0.0055,-0.0145,0.0187,
3006.82,-37,91.25,0.0058,-0.0137,0.0104,
3799.74,-37,90.63,0.0054,-0.0144,0.0136,
3454.31,-34,93.93,0.0079,-0.0185,0.0209,
4562.07,-35,93.6,0.0076,-0.0156,0.0172,
4677.27,-34,93.71,0.0077,-0.021,0.0184,
4361.54,-35,92.5,0.0067,-0.0178,0.0149,
4260.31,-34,91.97,0.0063,-0.0206,0.0175,
4605.74,-34,92.24,0.0065,-0.0165,0.0194,
3507.95,-38,90.79,0.0055,-0.009,0.0127,
115.14,-36,89.96,0.005,-0.0141,0.0168,
4009.09,-38,88.85,0.0044,-0.01,0.0125,
184.52,-39,87.8,0.0039,-0.0112,0.01,
3914.88,-40,87.11,0.0036,-0.009,0.0103,
4510.23,-41,87.8,0.0039,-0.0088,0.0083,
4030.03,-39,86.61,0.0034,-0.0116,0.0074,
4562.07,-43,84.61,0.0027,-0.0071,0.0061,
230.29,-37,87.11,0.0036,-0.0091,0.0138,
3006.82,-41,87.34,0.0037,-0.0087,0.0064,
167.05,-42,84.28,0.0026,-0.0076,0.007,
3639.32,-43,85.23,0.0029,-0.007,0.0063,
575.72,-42,84.28,0.0026,-0.0081,0.0075,
3569.45,-38,87.11,0.0036,-0.0121,0.0088,
3507.95,-36,93.13,0.0072,-0.0158,0.0128,
3454.31,-34,92.5,0.0067,-0.0184,0.02,
4055.17,-32,92.5,0.0067,-0.0128,0.0256,
4439.6,-33,94.26,0.0082,-0.0178,0.0233,
3823.7,-35,93.13,0.0072,-0.0176,0.014,
3684.6,-31,94.26,0.0082,-0.027,0.0221,
4562.07,-34,92.63,0.0068,-0.0131,0.0189,
4260.31,-35,92.5,0.0067,-0.0182,0.0181,
5068.97,-40,88.85,0.0044,-0.0096,0.0086,
3914.88,-34,91.4,0.0059,-0.0193,0.016,
3006.82,-39,89.42,0.0047,-0.0119,0.0109,
4529.91,-37,89.42,0.0047,-0.0144,0.0113,
4758.99,-38,88.44,0.0042,-0.0124,0.008,
4490.6,-39,87.11,0.0036,-0.0115,0.0104,
3454.31,-39,86.08,0.0032,-0.0107,0.0118,
4562.07,-40,87.34,0.0037,-0.0102,0.0073,
345.43,-41,85.23,0.0029,-0.0076,0.0088,
3624.66,-40,84.92,0.0028,-0.0103,0.0078,
416.04,-41,86.61,0.0034,-0.0058,0.0084,
345.43,-42,83.94,0.0025,-0.0079,0.0068,
3006.82,-45,82.0,0.002,-0.0039,0.0053,
345.43,-43,83.21,0.0023,-0.0072,0.0061,
506.9,-45,82.0,0.002,-0.0053,0.0043,
5066.32,-44,82.0,0.002,-0.0048,0.0062,
115.14,-44,82.42,0.0021,-0.0061,0.0064,
501.14,-45,81.55,0.0019,-0.0054,0.0039,
115.14,-45,82.83,0.0022,-0.0054,0.0059,
506.9,-46,83.58,0.0024,-0.005,0.0048,
115.14,-45,82.0,0.002,-0.0049,0.0054,
115.14,-46,81.08,0.0018,-0.0049,0.0048,
14700.0,-51,78.26,0.0013,-0.0028,0.0022,
230.29,-45,81.08,0.0018,-0.0048,0.0053,
115.14,-44,81.08,0.0018,-0.0067,0.0054,
2534.48,-49,78.9,0.0014,-0.0023,0.0034,
230.29,-43,82.42,0.0021,-0.0051,0.007,
7350.0,-51,80.06,0.0016,-0.0027,0.0017,
460.57,-43,82.42,0.0021,-0.0068,0.0055,
506.9,-48,79.5,0.0015,-0.0042,0.0031,
115.14,-43,83.21,0.0023,-0.0072,0.0068,
501.14,-47,80.06,0.0016,-0.0035,0.0045,
115.14,-44,83.21,0.0023,-0.0064,0.0049,
506.9,-48,81.55,0.0019,-0.004,0.0037,
4725.0,-51,78.26,0.0013,-0.0028,0.0025,
115.14,-46,81.08,0.0018,-0.0048,0.0045,
3675.0,-49,78.26,0.0013,-0.0022,0.0034,
115.14,-45,81.55,0.0019,-0.0057,0.0057,
1520.69,-48,79.5,0.0015,-0.003,0.0041,
506.9,-46,79.5,0.0015,-0.0049,0.0027,
115.14,-45,82.0,0.002,-0.0057,0.0051,
501.14,-49,80.06,0.0016,-0.0037,0.003,
345.43,-46,81.08,0.0018,-0.0053,0.0052,
230.29,-45,82.0,0.002,-0.0052,0.0055,
501.14,-49,78.9,0.0014,-0.0027,0.0035,
115.14,-47,80.06,0.0016,-0.0042,0.0033,
506.9,-45,83.21,0.0023,-0.0054,0.0041,
345.43,-46,80.59,0.0017,-0.0046,0.005,
506.9,-46,82.0,0.002,-0.0048,0.0038,
3713.68,-40,88.65,0.0043,-0.0079,0.0102,
3284.04,-40,86.35,0.0033,-0.0083,0.0101,
3684.6,-41,84.92,0.0028,-0.0084,0.0085,
2027.59,-46,82.42,0.0021,-0.0049,0.0042,
230.29,-40,84.28,0.0026,-0.0065,0.0102,
4510.23,-39,89.78,0.0049,-0.0102,0.0114,
4145.17,-38,88.24,0.0041,-0.0105,0.0128,
4478.91,-36,90.13,0.0051,-0.0159,0.0124,
4255.26,-37,90.13,0.0051,-0.0131,0.0146,
3799.74,-37,89.78,0.0049,-0.0114,0.0148,
4510.23,-37,90.46,0.0053,-0.0086,0.0139,
4145.17,-38,89.78,0.0049,-0.0128,0.0128,
4562.07,-38,89.96,0.005,-0.011,0.0119,
4375.46,-38,86.08,0.0032,-0.0129,0.01,
4656.52,-39,87.34,0.0037,-0.0087,0.0113,
4709.71,-39,87.58,0.0038,-0.0093,0.0108,
115.14,-40,84.28,0.0026,-0.0098,0.0057,
345.43,-42,86.08,0.0032,-0.0075,0.0083,
226.15,-45,84.61,0.0027,-0.0058,0.0052,
479.35,-44,83.94,0.0025,-0.0066,0.0061,
345.43,-44,83.21,0.0023,-0.0055,0.0063,
115.14,-43,83.94,0.0025,-0.0065,0.0067,
386.84,-43,83.58,0.0024,-0.0073,0.0051,
115.14,-45,82.42,0.0021,-0.0047,0.0058,
501.14,-46,82.83,0.0022,-0.0045,0.0048,
115.14,-43,83.94,0.0025,-0.0073,0.0061,
230.29,-43,83.94,0.0025,-0.0055,0.0073,
168.32,-46,81.55,0.0019,-0.0045,0.0048,
422.01,-45,82.0,0.002,-0.0045,0.0054,
115.14,-45,82.0,0.002,-0.0049,0.0053,
506.9,-44,84.28,0.0026,-0.0062,0.0061,
115.14,-42,85.81,0.0031,-0.008,0.0077,
115.14,-43,84.28,0.0026,-0.0045,0.007,
115.14,-43,82.83,0.0022,-0.0043,0.0075,
115.14,-45,83.21,0.0023,-0.0057,0.0058,
501.14,-45,82.42,0.0021,-0.0057,0.0046,
134.45,-47,80.59,0.0017,-0.0045,0.0041,
310.56,-46,81.55,0.0019,-0.0041,0.0052,
115.14,-47,80.59,0.0017,-0.0045,0.0044,
506.9,-48,80.59,0.0017,-0.004,0.0029,
115.14,-45,81.08,0.0018,-0.0048,0.0057,
2505.68,-25,99.38,0.0148,-0.0567,0.0544,
2533.16,-24,99.84,0.0156,-0.0619,0.0483,
1013.79,-40,88.44,0.0042,-0.0085,0.0101,
1583.7,-37,91.4,0.0059,-0.0147,0.0142,
1213.76,-41,88.02,0.004,-0.0072,0.0088,
1496.87,-39,88.85,0.0044,-0.0115,0.0099,
230.29,-43,84.92,0.0028,-0.0075,0.0065,
3914.88,-41,85.52,0.003,-0.009,0.0084,
501.14,-45,83.94,0.0025,-0.0058,0.0055,
115.14,-42,84.92,0.0028,-0.0075,0.0063,
588.0,-45,83.58,0.0024,-0.0045,0.0056,
115.14,-43,84.61,0.0027,-0.0066,0.0067,
2004.55,-18,110.22,0.0515,-0.1279,0.1239,
1151.44,-27,97.49,0.0119,-0.0462,0.0305,
1266.58,-34,93.82,0.0078,-0.0178,0.0195,
506.9,-37,91.1,0.0057,-0.0115,0.0143,
115.14,-37,91.4,0.0059,-0.0145,0.0133,
1917.39,-38,90.3,0.0052,-0.0131,0.0065,
345.43,-39,87.8,0.0039,-0.0101,0.0111,
115.14,-40,86.86,0.0035,-0.0104,0.0093,
501.14,-41,88.02,0.004,-0.0089,0.0077,
115.14,-40,86.08,0.0032,-0.0103,0.0074,
230.29,-41,85.23,0.0029,-0.0092,0.0075,
1674.68,-45,81.08,0.0018,-0.0057,0.0035,
4510.23,-43,84.61,0.0027,-0.0069,0.0064,
4260.31,-39,87.11,0.0036,-0.0118,0.0105,
